{"cameraMode":{"drawMode":0,"name":"Shaded","section":"Shading Mode"},"sceneLighting":true,"audioPlay":false,"sceneViewState":{"showFog":true,"showMaterialUpdate":true,"showSkybox":true,"showFlares":true,"showImageEffects":true,"showParticleSystems":true},"in2DMode":false,"pivot":{"x":-0.9569334983825684,"y":0.5080099105834961,"z":-0.14893436431884767},"rotation":{"x":0.16511915624141694,"y":-0.16631297767162324,"z":0.02826036885380745,"w":0.9717607498168945},"size":7.240700721740723,"orthographic":false}